ano;total;letalidade_violenta;hom_doloso;total_roubos;roubo_veiculo;furto_veiculos;roubo_rua;roubo_carga;latrocinio;feminicidio;apreensao_drogas;pol_mortos_serv;estelionato;hom_por_interv_policial;lesao_corp_morte;apf;aaapai;roubo_transeunte;roubo_celular;recuperacao_veiculos;furto_transeunte;furto_coletivo;furto_celular;total_ant;letalidade_violenta_ant;hom_doloso_ant;roubos_ant;roubo_veiculo_ant;roubo_rua_ant;roubo_carga_ant;latrocinio_ant;feminicidio_ant;estelionato_ant;apreensao_drogas_ant;pol_mortos_serv_ant;hom_por_interv_policial_ant;lesao_corp_morte_ant;apf_ant;aaapai_ant;roubo_transeunte_ant;roubo_celular_ant;furto_veiculos_ant;recuperacao_veiculos_ant;dif_total;dif_letalidade_violenta;dif_hom_doloso;dif_roubos;dif_roubo_veiculo;dif_roubo_rua;dif_roubo_carga;dif_latrocinio;dif_feminicidio;dif_estelionato;dif_apreensao_drogas;dif_pol_mortos_serv;dif_hom_por_interv_policial;dif_lesao;dif_apf;dif_aaapai;dif_rtranseunte;dif_rcelular;dif_furto_veiculos;dif_recuperacao_veiculos;var_total;var_letalidade_violenta;var_hom_doloso;var_roubos;var_roubo_veiculo;var_roubo_rua;var_roubo_carga;var_latrocinio;var_feminicidio;var_estelionato;var_apreensao_drogas;var_pol_mortos_serv;var_hom_por_interv_policial;var_lesao;var_apf;var_aaapai;var_rtranseunte;var_rcelular;var_furto_veiculos;var_recup_veiculos
2003;536163,0;8054,0;6624,0;118834,0;33531,0;19942,0;36669,0;4073,0;179,0;0,0;13350,0;50,0;10715,0;1195,0;56,0;0,0;0,0;17884,0;12760,0;29947,0;9683,0;511,0;7302,0;0,0;0,0;0,0;0,0;0,0;0,0;0,0;0,0;0,0;0,0;0,0;0,0;0,0;0,0;0,0;0,0;0,0;0,0;0,0;0,0;0,0;0,0;0,0;0,0;0,0;0,0;0,0;0,0;0,0;0,0;0,0;0,0;0,0;0,0;0,0;0,0;0,0;0,0;0,0;0,0;0,0;0,0;0,0;0,0;0,0;0,0;0,0;0,0;0,0;0,0;0,0;0,0;0,0;0,0;0,0;0,0;0,0;0,0;0,0;0,0
2004;550262,0;7645,0;6438,0;110903,0;32408,0;19449,0;39836,0;4714,0;185,0;0,0;12007,0;50,0;12584,0;983,0;39,0;0,0;0,0;22256,0;11084,0;26522,0;9235,0;1942,0;9579,0;536163,0;8054,0;6624,0;118834,0;33531,0;36669,0;4073,0;179,0;0,0;10715,0;13350,0;50,0;1195,0;56,0;0,0;0,0;17884,0;12760,0;19942,0;29947,0;14099,0;-409,0;-186,0;-7931,0;-1123,0;3167,0;641,0;6,0;0,0;1869,0;-1343,0;0,0;-212,0;-17,0;0,0;0,0;4372,0;-1676,0;-493,0;-3425,0;2,6;-5,1;-2,8;-6,7;-3,3;8,6;15,7;3,4;0,0;17,4;-10,1;0,0;-17,7;-30,4;0,0;0,0;24,4;-13,1;-2,5;-11,4
2005;581416,0;7987,0;6620,0;113437,0;32690,0;21322,0;52338,0;4622,0;210,0;0,0;11761,0;33,0;15886,0;1098,0;59,0;0,0;0,0;36080,0;6913,0;26332,0;13028,0;4339,0;14967,0;550262,0;7645,0;6438,0;110903,0;32408,0;39836,0;4714,0;185,0;0,0;12584,0;12007,0;50,0;983,0;39,0;0,0;0,0;22256,0;11084,0;19449,0;26522,0;31154,0;342,0;182,0;2534,0;282,0;12502,0;-92,0;25,0;0,0;3302,0;-246,0;-17,0;115,0;20,0;0,0;0,0;13824,0;-4171,0;1873,0;-190,0;5,7;4,5;2,8;2,3;0,9;31,4;-2,0;13,5;0,0;26,2;-2,0;-34,0;11,7;51,3;0,0;0,0;62,1;-37,6;9,6;-0,7
2006;609251,0;7649,0;6323,0;124087,0;34324,0;22637,0;64665,0;4566,0;208,0;0,0;11087,0;29,0;18294,0;1063,0;55,0;15598,0;3655,0;46340,0;7962,0;26073,0;18944,0;5459,0;19883,0;581416,0;7987,0;6620,0;113437,0;32690,0;52338,0;4622,0;210,0;0,0;15886,0;11761,0;33,0;1098,0;59,0;0,0;0,0;36080,0;6913,0;21322,0;26332,0;27835,0;-338,0;-297,0;10650,0;1634,0;12327,0;-56,0;-2,0;0,0;2408,0;-674,0;-4,0;-35,0;-4,0;15598,0;3655,0;10260,0;1049,0;1315,0;-259,0;4,8;-4,2;-4,5;9,4;5,0;23,6;-1,2;-1,0;0,0;15,2;-5,7;-12,1;-3,2;-6,8;inf;inf;28,4;15,2;6,2;-1,0
2007;631684,0;7699,0;6133,0;137422,0;31490,0;21668,0;77337,0;4472,0;192,0;0,0;9945,0;32,0;22498,0;1330,0;44,0;17382,0;3527,0;59494,0;7592,0;24452,0;23827,0;6659,0;18269,0;609251,0;7649,0;6323,0;124087,0;34324,0;64665,0;4566,0;208,0;0,0;18294,0;11087,0;29,0;1063,0;55,0;15598,0;3655,0;46340,0;7962,0;22637,0;26073,0;22433,0;50,0;-190,0;13335,0;-2834,0;12672,0;-94,0;-16,0;0,0;4204,0;-1142,0;3,0;267,0;-11,0;1784,0;-128,0;13154,0;-370,0;-969,0;-1621,0;3,7;0,7;-3,0;10,7;-8,3;19,6;-2,1;-7,7;0,0;23,0;-10,3;10,3;25,1;-20,0;11,4;-3,5;28,4;-4,6;-4,3;-6,2
2008;654745,0;7134,0;5717,0;141175,0;27847,0;21628,0;86574,0;3172,0;235,0;0,0;9437,0;26,0;23685,0;1137,0;45,0;17917,0;3324,0;68039,0;8614,0;21060,0;26809,0;7790,0;21226,0;631684,0;7699,0;6133,0;137422,0;31490,0;77337,0;4472,0;192,0;0,0;22498,0;9945,0;32,0;1330,0;44,0;17382,0;3527,0;59494,0;7592,0;21668,0;24452,0;23061,0;-565,0;-416,0;3753,0;-3643,0;9237,0;-1300,0;43,0;0,0;1187,0;-508,0;-6,0;-193,0;1,0;535,0;-203,0;8545,0;1022,0;-40,0;-3392,0;3,7;-7,3;-6,8;2,7;-11,6;11,9;-29,1;22,4;0,0;5,3;-5,1;-18,8;-14,5;2,3;3,1;-5,8;14,4;13,5;-0,2;-13,9
2009;669716,0;7106,0;5793,0;138280,0;25036,0;20342,0;88495,0;2650,0;221,0;0,0;10990,0;31,0;22019,0;1048,0;44,0;21149,0;3896,0;71066,0;8499,0;19913,0;28903,0;8538,0;21803,0;654745,0;7134,0;5717,0;141175,0;27847,0;86574,0;3172,0;235,0;0,0;23685,0;9437,0;26,0;1137,0;45,0;17917,0;3324,0;68039,0;8614,0;21628,0;21060,0;14971,0;-28,0;76,0;-2895,0;-2811,0;1921,0;-522,0;-14,0;0,0;-1666,0;1553,0;5,0;-89,0;-1,0;3232,0;572,0;3027,0;-115,0;-1286,0;-1147,0;2,3;-0,4;1,3;-2,1;-10,1;2,2;-16,5;-6,0;0,0;-7,0;16,5;19,2;-7,8;-2,2;18,0;17,2;4,4;-1,3;-5,9;-5,4
2010;674047,0;5828,0;4767,0;120300,0;20052,0;18752,0;78536,0;2619,0;156,0;0,0;12545,0;20,0;24053,0;855,0;50,0;21986,0;4614,0;63346,0;6988,0;16568,0;31825,0;9840,0;22145,0;669716,0;7106,0;5793,0;138280,0;25036,0;88495,0;2650,0;221,0;0,0;22019,0;10990,0;31,0;1048,0;44,0;21149,0;3896,0;71066,0;8499,0;20342,0;19913,0;4331,0;-1278,0;-1026,0;-17980,0;-4984,0;-9959,0;-31,0;-65,0;0,0;2034,0;1555,0;-11,0;-193,0;6,0;837,0;718,0;-7720,0;-1511,0;-1590,0;-3345,0;0,6;-18,0;-17,7;-13,0;-19,9;-11,3;-1,2;-29,4;0,0;9,2;14,1;-35,5;-18,4;13,6;4,0;18,4;-10,9;-17,8;-7,8;-16,8
2011;696275,0;4960,0;4279,0;106688,0;18773,0;15593,0;66535,0;3073,0;118,0;0,0;15273,0;12,0;29246,0;523,0;40,0;25738,0;5770,0;54678,0;5391,0;16142,0;34069,0;10480,0;21967,0;674047,0;5828,0;4767,0;120300,0;20052,0;78536,0;2619,0;156,0;0,0;24053,0;12545,0;20,0;855,0;50,0;21986,0;4614,0;63346,0;6988,0;18752,0;16568,0;22228,0;-868,0;-488,0;-13612,0;-1279,0;-12001,0;454,0;-38,0;0,0;5193,0;2728,0;-8,0;-332,0;-10,0;3752,0;1156,0;-8668,0;-1597,0;-3159,0;-426,0;3,3;-14,9;-10,2;-11,3;-6,4;-15,3;17,3;-24,4;0,0;21,6;21,7;-40,0;-38,8;-20,0;17,1;25,1;-13,7;-22,9;-16,8;-2,6
2012;718733,0;4666,0;4081,0;103775,0;22065,0;16263,0;58763,0;3656,0;142,0;0,0;18690,0;18,0;33563,0;419,0;24,0;27693,0;7192,0;49560,0;4362,0;17446,0;33869,0;10438,0;19016,0;696275,0;4960,0;4279,0;106688,0;18773,0;66535,0;3073,0;118,0;0,0;29246,0;15273,0;12,0;523,0;40,0;25738,0;5770,0;54678,0;5391,0;15593,0;16142,0;22458,0;-294,0;-198,0;-2913,0;3292,0;-7772,0;583,0;24,0;0,0;4317,0;3417,0;6,0;-104,0;-16,0;1955,0;1422,0;-5118,0;-1029,0;670,0;1304,0;3,2;-5,9;-4,6;-2,7;17,5;-11,7;19,0;20,3;0,0;14,8;22,4;50,0;-19,9;-40,0;7,6;24,6;-9,4;-19,1;4,3;8,1
2013;775129,0;5348,0;4745,0;126190,0;28002,0;17668,0;72256,0;3534,0;148,0;0,0;23227,0;20,0;36409,0;416,0;39,0;35274,0;11358,0;60618,0;5465,0;21355,0;34691,0;10612,0;17945,0;718733,0;4666,0;4081,0;103775,0;22065,0;58763,0;3656,0;142,0;0,0;33563,0;18690,0;18,0;419,0;24,0;27693,0;7192,0;49560,0;4362,0;16263,0;17446,0;56396,0;682,0;664,0;22415,0;5937,0;13493,0;-122,0;6,0;0,0;2846,0;4537,0;2,0;-3,0;15,0;7581,0;4166,0;11058,0;1103,0;1405,0;3909,0;7,8;14,6;16,3;21,6;26,9;23,0;-3,3;4,2;0,0;8,5;24,3;11,1;-0,7;62,5;27,4;57,9;22,3;25,3;8,6;22,4
2014;818727,0;5719,0;4942,0;157995,0;32651,0;17683,0;95533,0;5890,0;152,0;0,0;26933,0;18,0;34770,0;584,0;41,0;34816,0;11189,0;80461,0;7758,0;25227,0;35524,0;11144,0;15533,0;775129,0;5348,0;4745,0;126190,0;28002,0;72256,0;3534,0;148,0;0,0;36409,0;23227,0;20,0;416,0;39,0;35274,0;11358,0;60618,0;5465,0;17668,0;21355,0;43598,0;371,0;197,0;31805,0;4649,0;23277,0;2356,0;4,0;0,0;-1639,0;3706,0;-2,0;168,0;2,0;-458,0;-169,0;19843,0;2293,0;15,0;3872,0;5,6;6,9;4,2;25,2;16,6;32,2;66,7;2,7;0,0;-4,5;16,0;-10,0;40,4;5,1;-1,3;-1,5;32,7;42,0;0,1;18,1
2015;777356,0;5010,0;4200,0;147933,0;31035,0;16944,0;85280,0;7225,0;133,0;0,0;28089,0;25,0;35595,0;645,0;32,0;36032,0;10364,0;65437,0;12038,0;23663,0;38348,0;10774,0;19187,0;818727,0;5719,0;4942,0;157995,0;32651,0;95533,0;5890,0;152,0;0,0;34770,0;26933,0;18,0;584,0;41,0;34816,0;11189,0;80461,0;7758,0;17683,0;25227,0;-41371,0;-709,0;-742,0;-10062,0;-1616,0;-10253,0;1335,0;-19,0;0,0;825,0;1156,0;7,0;61,0;-9,0;1216,0;-825,0;-15024,0;4280,0;-739,0;-1564,0;-5,1;-12,4;-15,0;-6,4;-4,9;-10,7;22,7;-12,5;0,0;2,4;4,3;38,9;10,4;-22,0;3,5;-7,4;-18,7;55,2;-4,2;-6,2
2016;806042,0;6262,0;5042,0;208781,0;41696,0;16759,0;127098,0;9874,0;239,0;0,0;25016,0;40,0;36912,0;925,0;56,0;35745,0;10101,0;93818,0;19549,0;28690,0;29275,0;10252,0;17574,0;777356,0;5010,0;4200,0;147933,0;31035,0;85280,0;7225,0;133,0;0,0;35595,0;28089,0;25,0;645,0;32,0;36032,0;10364,0;65437,0;12038,0;16944,0;23663,0;28686,0;1252,0;842,0;60848,0;10661,0;41818,0;2649,0;106,0;0,0;1317,0;-3073,0;15,0;280,0;24,0;-287,0;-263,0;28381,0;7511,0;-185,0;5027,0;3,7;25,0;20,0;41,1;34,4;49,0;36,7;79,7;0,0;3,7;-10,9;60,0;43,4;75,0;-0,8;-2,5;43,4;62,4;-1,1;21,2
2017;750607,0;6749,0;5346,0;230437,0;54366,0;15708,0;125646,0;10599,0;237,0;0,0;21312,0;35,0;29472,0;1127,0;39,0;33355,0;7545,0;85993,0;24380,0;37630,0;19163,0;7541,0;15627,0;806042,0;6262,0;5042,0;208781,0;41696,0;127098,0;9874,0;239,0;0,0;36912,0;25016,0;40,0;925,0;56,0;35745,0;10101,0;93818,0;19549,0;16759,0;28690,0;-55435,0;487,0;304,0;21656,0;12670,0;-1452,0;725,0;-2,0;0,0;-7440,0;-3704,0;-5,0;202,0;-17,0;-2390,0;-2556,0;-7825,0;4831,0;-1051,0;8940,0;-6,9;7,8;6,0;10,4;30,4;-1,1;7,3;-0,8;0,0;-20,2;-14,8;-12,5;21,8;-30,4;-6,7;-25,3;-8,3;24,7;-6,3;31,2
2018;770467,0;6714,0;4950,0;231606,0;52097,0;15794,0;130620,0;9182,0;174,0;0,0;21626,0;32,0;34493,0;1534,0;56,0;33548,0;6546,0;88422,0;26538,0;36448,0;20440,0;8316,0;15718,0;750607,0;6749,0;5346,0;230437,0;54366,0;125646,0;10599,0;237,0;0,0;29472,0;21312,0;35,0;1127,0;39,0;33355,0;7545,0;85993,0;24380,0;15708,0;37630,0;19860,0;-35,0;-396,0;1169,0;-2269,0;4974,0;-1417,0;-63,0;0,0;5021,0;314,0;-3,0;407,0;17,0;193,0;-999,0;2429,0;2158,0;86,0;-1182,0;2,6;-0,5;-7,4;0,5;-4,2;4,0;-13,4;-26,6;0,0;17,0;1,5;-8,6;36,1;43,6;0,6;-13,2;2,8;8,9;0,5;-3,1
2019;781522,0;5980,0;4004,0;199314,0;39749,0;15595,0;120471,0;7456,0;117,0;0,0;22749,0;22,0;41253,0;1814,0;45,0;35219,0;6056,0;78329,0;26788,0;26863,0;20253,0;7924,0;18343,0;770467,0;6714,0;4950,0;231606,0;52097,0;130620,0;9182,0;174,0;0,0;34493,0;21626,0;32,0;1534,0;56,0;33548,0;6546,0;88422,0;26538,0;15794,0;36448,0;11055,0;-734,0;-946,0;-32292,0;-12348,0;-10149,0;-1726,0;-57,0;0,0;6760,0;1123,0;-10,0;280,0;-11,0;1671,0;-490,0;-10093,0;250,0;-199,0;-9585,0;1,4;-10,9;-19,1;-13,9;-23,7;-7,8;-18,8;-32,8;0,0;19,6;5,2;-31,2;18,3;-19,6;5,0;-7,5;-11,4;0,9;-1,3;-26,3
2020;584988,0;4907,0;3544,0;123914,0;25425,0;12895,0;71954,0;4985,0;87,0;0,0;20790,0;19,0;48552,0;1245,0;31,0;31162,0;4583,0;46291,0;16437,0;15945,0;10769,0;4052,0;11424,0;781522,0;5980,0;4004,0;199314,0;39749,0;120471,0;7456,0;117,0;0,0;41253,0;22749,0;22,0;1814,0;45,0;35219,0;6056,0;78329,0;26788,0;15595,0;26863,0;-196534,0;-1073,0;-460,0;-75400,0;-14324,0;-48517,0;-2471,0;-30,0;0,0;7299,0;-1959,0;-3,0;-569,0;-14,0;-4057,0;-1473,0;-32038,0;-10351,0;-2700,0;-10918,0;-25,1;-17,9;-11,5;-37,8;-36,0;-40,3;-33,1;-25,6;0,0;17,7;-8,6;-13,6;-31,4;-31,1;-11,5;-24,3;-40,9;-38,6;-17,3;-40,6
2021;620557,0;4762,0;3253,0;115643,0;24332,0;14428,0;66495,0;4523,0;110,0;0,0;21682,0;10,0;71145,0;1356,0;43,0;33619,0;4185,0;41816,0;14791,0;13702,0;9986,0;5213,0;14336,0;584988,0;4907,0;3544,0;123914,0;25425,0;71954,0;4985,0;87,0;0,0;48552,0;20790,0;19,0;1245,0;31,0;31162,0;4583,0;46291,0;16437,0;12895,0;15945,0;35569,0;-145,0;-291,0;-8271,0;-1093,0;-5459,0;-462,0;23,0;0,0;22593,0;892,0;-9,0;111,0;12,0;2457,0;-398,0;-4475,0;-1646,0;1533,0;-2243,0;6,1;-3,0;-8,2;-6,7;-4,3;-7,6;-9,3;26,4;0,0;46,5;4,3;-47,4;8,9;38,7;7,9;-8,7;-9,7;-10,0;11,9;-14,1
2022;773895,0;4485,0;3059,0;108393,0;25198,0;16864,0;62092,0;4229,0;64,0;0,0;20641,0;19,0;123841,0;1330,0;32,0;34231,0;4281,0;39068,0;16193,0;13210,0;15137,0;8050,0;30016,0;620557,0;4762,0;3253,0;115643,0;24332,0;66495,0;4523,0;110,0;0,0;71145,0;21682,0;10,0;1356,0;43,0;33619,0;4185,0;41816,0;14791,0;14428,0;13702,0;153338,0;-277,0;-194,0;-7250,0;866,0;-4403,0;-294,0;-46,0;0,0;52696,0;-1041,0;9,0;-26,0;-11,0;612,0;96,0;-2748,0;1402,0;2436,0;-492,0;24,7;-5,8;-6,0;-6,3;3,6;-6,6;-6,5;-41,8;0,0;74,1;-4,8;90,0;-1,9;-25,6;1,8;2,3;-6,6;9,5;16,9;-3,6
2023;814984,0;4270,0;3293,0;91398,0;22248,0;16577,0;51573,0;3224,0;65,0;0,0;22522,0;11,0;120218,0;871,0;41,0;36952,0;4262,0;30596,0;15496,0;14675,0;15738,0;8032,0;32912,0;773895,0;4485,0;3059,0;108393,0;25198,0;62092,0;4229,0;64,0;0,0;123841,0;20641,0;19,0;1330,0;32,0;34231,0;4281,0;39068,0;16193,0;16864,0;13210,0;41089,0;-215,0;234,0;-16995,0;-2950,0;-10519,0;-1005,0;1,0;0,0;-3623,0;1881,0;-8,0;-459,0;9,0;2721,0;-19,0;-8472,0;-697,0;-287,0;1465,0;5,3;-4,8;7,6;-15,7;-11,7;-16,9;-23,8;1,6;0,0;-2,9;9,1;-42,1;-34,5;28,1;7,9;-0,4;-21,7;-4,3;-1,7;11,1
2024;922733,0;3809,0;2908,0;106919,0;30930,0;17337,0;58521,0;3437,0;99,0;30,0;23930,0;12,0;144118,0;703,0;69,0;42389,0;4919,0;30870,0;21416,0;19034,0;14444,0;7460,0;37397,0;814984,0;4270,0;3293,0;91398,0;22248,0;51573,0;3224,0;65,0;0,0;120218,0;22522,0;11,0;871,0;41,0;36952,0;4262,0;30596,0;15496,0;16577,0;14675,0;107749,0;-461,0;-385,0;15521,0;8682,0;6948,0;213,0;34,0;30,0;23900,0;1408,0;1,0;-168,0;28,0;5437,0;657,0;274,0;5920,0;760,0;4359,0;13,2;-10,8;-11,7;17,0;39,0;13,5;6,6;52,3;inf;19,9;6,3;9,1;-19,3;68,3;14,7;15,4;0,9;38,2;4,6;29,7
2025;965208,0;3881,0;2836,0;97712,0;25239,0;17490,0;56937,0;3114,0;77,0;104,0;25831,0;19,0;146981,0;797,0;67,0;42295,0;5232,0;27609,0;25625,0;17406,0;14271,0;8307,0;46603,0;922733,0;3809,0;2908,0;106919,0;30930,0;58521,0;3437,0;99,0;30,0;144118,0;23930,0;12,0;703,0;69,0;42389,0;4919,0;30870,0;21416,0;17337,0;19034,0;42475,0;72,0;-72,0;-9207,0;-5691,0;-1584,0;-323,0;-22,0;74,0;2863,0;1901,0;7,0;94,0;-2,0;-94,0;313,0;-3261,0;4209,0;153,0;-1628,0;4,6;1,9;-2,5;-8,6;-18,4;-2,7;-9,4;-22,2;246,7;2,0;7,9;58,3;13,4;-2,9;-0,2;6,4;-10,6;19,7;0,9;-8,6
