ano|risp|risp_desc|cisp|mcirc|municipio|letalidade_violenta|hom_doloso|latrocinio|hom_por_interv_policial|lesao_corp_morte|pol_mortos_serv|total_roubos|roubo_veiculo|furto_veiculos|roubo_rua|roubo_carga|roubo_transeunte|roubo_celular|roubo_em_coletivo|estelionato|extorsao|apreensao_drogas|apf|aaapai|furto_transeunte|furto_coletivo|furto_celular
2025|1|Capital (Zona Sul, Centro e parte da Norte)|1|3304557|Rio de Janeiro|3|3|0|0|0|0|1262|16|20|1171|16|704|417|50|1321|26|42|414,0|40,0|1291|350|1825
2025|1|Capital (Zona Sul, Centro e parte da Norte)|4|3304557|Rio de Janeiro|10|5|0|1|3|1|841|29|94|711|11|343|307|61|503|14|130|368,0|61,0|502|244|1387
2025|1|Capital (Zona Sul, Centro e parte da Norte)|5|3304557|Rio de Janeiro|13|8|1|2|1|0|2231|54|149|1974|12|1085|852|37|1941|35|143|519,0|129,0|923|114|3552
2025|1|Capital (Zona Sul, Centro e parte da Norte)|6|3304557|Rio de Janeiro|9|8|1|0|0|0|838|151|119|566|14|260|199|107|557|30|42|199,0|45,0|216|193|934
2025|1|Capital (Zona Sul, Centro e parte da Norte)|7|3304557|Rio de Janeiro|4|0|0|1|1|0|369|25|109|298|2|181|103|14|423|13|47|82,0|5,0|74|17|212
2025|1|Capital (Zona Sul, Centro e parte da Norte)|9|3304557|Rio de Janeiro|9|5|1|2|0|0|1862|107|225|1575|4|847|670|58|1892|48|49|320,0|102,0|991|214|2500
2025|1|Capital (Zona Sul, Centro e parte da Norte)|10|3304557|Rio de Janeiro|9|4|0|4|1|0|1581|93|179|1184|6|532|602|50|1554|67|86|312,0|98,0|271|339|1613
2025|1|Capital (Zona Sul, Centro e parte da Norte)|11|3304557|Rio de Janeiro|5|5|0|0|0|0|8|1|12|4|0|1|2|1|210|10|16|14,0|0,0|12|7|42
2025|1|Capital (Zona Sul, Centro e parte da Norte)|12|3304557|Rio de Janeiro|10|3|0|7|0|1|474|5|153|365|3|191|157|17|2905|67|81|380,0|76,0|775|119|2061
2025|1|Capital (Zona Sul, Centro e parte da Norte)|13|3304557|Rio de Janeiro|3|1|2|0|0|0|305|2|96|222|5|142|76|4|1085|25|32|200,0|34,0|429|47|920
2025|1|Capital (Zona Sul, Centro e parte da Norte)|14|3304557|Rio de Janeiro|5|3|0|1|1|0|648|13|276|520|3|223|287|10|2386|55|66|398,0|79,0|638|61|2579
2025|1|Capital (Zona Sul, Centro e parte da Norte)|15|3304557|Rio de Janeiro|1|0|0|1|0|0|443|29|92|288|0|136|142|10|1624|32|60|210,0|28,0|183|189|701
2025|1|Capital (Zona Sul, Centro e parte da Norte)|17|3304557|Rio de Janeiro|17|10|3|3|1|1|1432|222|207|872|45|332|428|112|1140|26|91|333,0|38,0|267|165|1250
2025|1|Capital (Zona Sul, Centro e parte da Norte)|18|3304557|Rio de Janeiro|13|3|2|3|2|0|2507|253|129|1980|6|661|1131|188|1046|32|54|301,0|52,0|480|282|2561
2025|1|Capital (Zona Sul, Centro e parte da Norte)|19|3304557|Rio de Janeiro|7|6|0|0|0|0|1836|225|113|1277|9|652|558|67|2049|79|47|385,0|64,0|388|369|867
2025|1|Capital (Zona Sul, Centro e parte da Norte)|20|3304557|Rio de Janeiro|13|8|1|4|0|0|1228|184|118|842|4|422|375|45|1721|47|32|243,0|35,0|153|213|509
2025|1|Capital (Zona Sul, Centro e parte da Norte)|21|3304557|Rio de Janeiro|83|53|4|19|1|0|2517|574|369|1307|195|445|608|254|2391|64|281|723,0|66,0|179|380|763
2025|1|Capital (Zona Sul, Centro e parte da Norte)|22|3304557|Rio de Janeiro|155|28|1|125|0|4|1191|325|286|639|108|339|250|50|1197|40|121|429,0|29,0|103|123|249
2025|1|Capital (Zona Sul, Centro e parte da Norte)|23|3304557|Rio de Janeiro|11|8|0|2|1|0|875|196|140|566|4|214|326|26|996|24|22|167,0|34,0|76|80|259
2025|1|Capital (Zona Sul, Centro e parte da Norte)|24|3304557|Rio de Janeiro|19|11|1|6|0|0|1873|714|197|882|19|405|407|70|1318|17|42|263,0|16,0|125|137|698
2025|1|Capital (Zona Sul, Centro e parte da Norte)|25|3304557|Rio de Janeiro|13|6|0|7|0|0|1277|241|97|799|9|267|403|129|1239|18|124|279,0|15,0|104|275|646
2025|1|Capital (Zona Sul, Centro e parte da Norte)|26|3304557|Rio de Janeiro|17|6|1|9|1|0|1437|323|90|872|8|358|452|62|1403|32|64|233,0|34,0|118|171|571
2025|1|Capital (Zona Sul, Centro e parte da Norte)|37|3304557|Rio de Janeiro|50|34|1|13|1|0|305|70|197|154|14|82|60|12|1444|56|357|326,0|48,0|40|79|272
2025|1|Capital (Zona Sul, Centro e parte da Norte)|38|3304557|Rio de Janeiro|35|21|0|12|1|1|1771|651|210|709|157|315|361|33|1279|28|130|336,0|34,0|40|89|200
2025|1|Capital (Zona Sul, Centro e parte da Norte)|44|3304557|Rio de Janeiro|32|23|0|9|0|1|1720|448|172|957|32|445|435|77|1152|17|119|310,0|22,0|96|106|322
2025|2|Capital (Zona Oeste e parte da Norte)|16|3304557|Rio de Janeiro|40|24|0|12|3|0|1952|96|438|1354|4|697|500|157|5132|102|136|748,0|292,0|292|590|2531
2025|2|Capital (Zona Oeste e parte da Norte)|27|3304557|Rio de Janeiro|73|47|3|20|1|0|3284|1073|471|1721|118|822|803|96|2038|46|69|380,0|34,0|82|121|288
2025|2|Capital (Zona Oeste e parte da Norte)|28|3304557|Rio de Janeiro|22|9|0|13|0|0|1145|390|92|599|4|295|280|24|1479|43|33|202,0|8,0|64|131|269
2025|2|Capital (Zona Oeste e parte da Norte)|29|3304557|Rio de Janeiro|89|66|0|23|0|0|3611|1130|386|2132|48|1120|773|239|2099|55|82|354,0|28,0|544|360|803
2025|2|Capital (Zona Oeste e parte da Norte)|30|3304557|Rio de Janeiro|33|23|4|5|1|0|1799|490|286|1108|7|453|548|107|1522|27|26|205,0|18,0|106|109|269
2025|2|Capital (Zona Oeste e parte da Norte)|31|3304557|Rio de Janeiro|43|28|1|10|1|0|1560|548|224|809|95|309|437|63|879|9|91|218,0|14,0|33|33|182
2025|2|Capital (Zona Oeste e parte da Norte)|32|3304557|Rio de Janeiro|130|93|2|34|0|1|2960|701|353|1945|19|913|906|126|5824|141|122|737,0|53,0|479|459|1280
2025|2|Capital (Zona Oeste e parte da Norte)|33|3304557|Rio de Janeiro|58|36|1|14|5|0|1471|449|330|820|54|203|553|64|1582|25|58|444,0|29,0|59|96|402
2025|2|Capital (Zona Oeste e parte da Norte)|34|3304557|Rio de Janeiro|123|90|3|25|3|0|1919|590|325|1055|106|545|435|75|2262|45|382|986,0|59,0|138|60|352
2025|2|Capital (Zona Oeste e parte da Norte)|35|3304557|Rio de Janeiro|55|44|3|3|1|0|2190|625|633|1185|89|548|594|43|4017|108|89|1262,0|25,0|198|153|809
2025|2|Capital (Zona Oeste e parte da Norte)|36|3304557|Rio de Janeiro|75|63|0|3|3|0|845|153|185|575|29|292|257|26|2492|66|25|411,0|10,0|105|77|252
2025|2|Capital (Zona Oeste e parte da Norte)|39|3304557|Rio de Janeiro|119|82|2|29|2|2|3251|1322|175|1342|165|631|458|253|1615|17|138|348,0|20,0|136|92|333
2025|2|Capital (Zona Oeste e parte da Norte)|40|3304557|Rio de Janeiro|29|23|2|4|0|0|2062|740|168|1043|56|405|581|57|1058|40|25|254,0|14,0|83|57|200
2025|2|Capital (Zona Oeste e parte da Norte)|41|3304557|Rio de Janeiro|20|5|0|15|0|0|844|170|115|560|5|264|283|13|2011|53|26|234,0|15,0|77|173|349
2025|2|Capital (Zona Oeste e parte da Norte)|42|3304557|Rio de Janeiro|49|40|1|6|1|1|1235|184|518|827|7|426|351|50|3502|77|337|491,0|73,0|146|216|766
2025|2|Capital (Zona Oeste e parte da Norte)|43|3304557|Rio de Janeiro|30|28|0|0|0|0|566|101|132|420|4|172|236|12|1369|43|12|260,0|16,0|21|20|182
2025|3|Baixada Fluminense|48|3305554|Seropédica|14|14|0|0|0|0|134|36|54|62|13|32|25|5|550|13|25|160,0|5,0|8|3|55
2025|3|Baixada Fluminense|50|3302007|Itaguaí|38|22|2|13|0|0|258|66|172|131|4|69|57|5|787|29|94|250,0|17,0|27|6|97
2025|3|Baixada Fluminense|51|3303609|Paracambi|14|14|0|0|0|0|37|7|19|18|2|10|7|1|301|8|154|120,0|19,0|3|0|74
2025|3|Baixada Fluminense|52|3303500|Nova Iguaçu|32|25|2|5|0|0|2271|636|594|1414|16|632|718|64|1870|43|60|503,0|47,0|208|53|519
2025|3|Baixada Fluminense|53|3302858|Mesquita|26|16|1|7|0|0|1280|320|252|814|26|483|304|27|1109|33|147|348,0|26,0|50|21|110
2025|3|Baixada Fluminense|54|3300456|Belford Roxo|147|114|4|27|0|1|3063|1094|424|1644|91|828|737|79|2211|89|289|872,0|109,0|116|33|112
2025|3|Baixada Fluminense|55|3304144|Queimados|33|18|1|13|1|0|359|55|114|250|7|142|101|7|876|21|68|329,0|11,0|40|11|96
2025|3|Baixada Fluminense|56|3303500|Nova Iguaçu|77|73|0|3|1|0|1509|463|248|886|29|422|432|32|1258|27|40|314,0|13,0|28|13|123
2025|3|Baixada Fluminense|57|3303203|Nilópolis|25|17|0|7|0|0|1113|305|239|680|5|309|364|7|1398|52|54|304,0|18,0|76|34|268
2025|3|Baixada Fluminense|58|3303500|Nova Iguaçu|139|129|0|7|2|0|2387|725|302|1388|59|635|699|54|1970|54|72|456,0|26,0|35|15|188
2025|3|Baixada Fluminense|59|3301702|Duque de Caxias|96|65|0|28|1|2|5065|1492|564|2741|399|1373|1267|101|2356|40|138|772,0|86,0|467|96|484
2025|3|Baixada Fluminense|60|3301702|Duque de Caxias|131|86|1|41|1|0|2681|1232|231|919|287|413|467|39|1703|41|137|520,0|44,0|37|40|131
2025|3|Baixada Fluminense|61|3301702|Duque de Caxias|18|16|0|2|0|0|168|87|41|40|23|18|21|1|362|12|10|80,0|2,0|5|0|31
2025|3|Baixada Fluminense|62|3301702|Duque de Caxias|29|25|1|1|1|0|1243|598|154|457|75|277|161|19|849|34|58|254,0|13,0|27|14|79
2025|3|Baixada Fluminense|63|3302270|Japeri|36|18|0|18|0|0|184|30|55|112|7|67|45|0|542|23|104|247,0|9,0|11|10|42
2025|3|Baixada Fluminense|64|3305109|São João de Meriti|146|89|5|46|0|0|4091|1362|752|1989|215|933|871|185|3069|57|249|844,0|99,0|119|43|379
2025|3|Baixada Fluminense|65|3302502|Magé|14|8|0|6|0|0|155|51|86|57|10|38|19|0|567|19|162|222,0|26,0|27|10|84
2025|3|Baixada Fluminense|66|3302502|Magé|26|22|0|2|0|0|374|122|171|177|17|103|72|2|1136|35|220|281,0|13,0|53|16|219
2025|3|Baixada Fluminense|67|3301850|Guapimirim|8|8|0|0|0|0|95|41|32|24|2|17|7|0|445|17|172|112,0|5,0|2|2|33
2025|4|Grande Niterói e Região dos Lagos|70|3305752|Tanguá|6|5|0|0|0|0|35|10|30|16|2|10|6|0|101|2|34|41,0|3,0|5|1|17
2025|4|Grande Niterói e Região dos Lagos|71|3301900|Itaboraí|51|35|0|13|2|0|578|234|253|234|34|133|96|5|1346|45|360|402,0|57,0|48|49|240
2025|4|Grande Niterói e Região dos Lagos|72|3304904|São Gonçalo|32|22|2|8|0|0|1278|426|491|612|100|392|195|25|2037|42|98|461,0|8,0|243|60|458
2025|4|Grande Niterói e Região dos Lagos|73|3304904|São Gonçalo|22|16|1|5|0|0|1116|466|453|495|45|397|89|9|917|22|65|269,0|19,0|46|12|73
2025|4|Grande Niterói e Região dos Lagos|74|3304904|São Gonçalo|37|29|1|7|0|1|1314|567|366|584|47|324|241|19|1149|51|130|301,0|16,0|143|45|234
2025|4|Grande Niterói e Região dos Lagos|75|3304904|São Gonçalo|28|13|2|10|0|0|589|257|230|235|31|154|78|3|706|18|101|195,0|9,0|66|26|94
2025|4|Grande Niterói e Região dos Lagos|76|3303302|Niterói|11|8|0|3|0|0|558|23|119|463|3|315|136|12|1745|38|87|510,0|34,0|276|126|932
2025|4|Grande Niterói e Região dos Lagos|77|3303302|Niterói|10|3|0|5|0|0|252|19|45|191|1|97|86|8|2217|39|43|178,0|10,0|87|75|470
2025|4|Grande Niterói e Região dos Lagos|78|3303302|Niterói|24|18|0|5|1|0|541|163|180|290|6|189|90|11|979|19|94|250,0|13,0|44|33|238
2025|4|Grande Niterói e Região dos Lagos|79|3303302|Niterói|11|9|0|2|0|0|177|38|80|96|4|63|31|2|609|14|65|121,0|11,0|14|24|109
2025|4|Grande Niterói e Região dos Lagos|81|3303302|Niterói|5|3|0|2|0|0|179|36|92|93|6|58|32|3|793|23|89|215,0|18,0|12|16|100
2025|4|Grande Niterói e Região dos Lagos|82|3302700|Maricá|23|16|0|4|0|0|339|63|135|226|0|147|77|2|2103|71|150|433,0|30,0|73|44|245
2025|4|Grande Niterói e Região dos Lagos|118|3300209|Araruama|41|34|0|6|1|0|217|48|118|109|4|69|39|1|1176|38|367|445,0|144,0|22|4|122
2025|4|Grande Niterói e Região dos Lagos|119|3304300|Rio Bonito|11|9|1|0|0|0|59|25|94|17|2|12|5|0|385|15|114|154,0|9,0|6|4|38
2025|4|Grande Niterói e Região dos Lagos|120|3305604|Silva Jardim|13|10|0|1|0|0|11|3|12|3|3|1|2|0|90|3|34|58,0|1,0|1|0|20
2025|4|Grande Niterói e Região dos Lagos|124|3305505|Saquarema|47|41|0|5|1|0|120|48|74|42|1|25|15|2|1075|36|154|250,0|18,0|52|7|144
2025|4|Grande Niterói e Região dos Lagos|125|3305208|São Pedro da Aldeia|32|28|0|3|1|0|125|36|70|62|0|35|27|0|563|6|231|327,0|72,0|10|6|36
2025|4|Grande Niterói e Região dos Lagos|126|3300704|Cabo Frio|72|63|0|7|1|0|336|55|196|192|9|147|40|5|2492|65|773|794,0|162,0|111|31|271
2025|4|Grande Niterói e Região dos Lagos|127|3300233|Armação dos Búzios|17|15|0|2|0|0|60|6|27|37|0|21|14|2|435|14|273|258,0|43,0|25|6|91
2025|4|Grande Niterói e Região dos Lagos|129|3301876|Iguaba Grande|5|4|0|0|0|0|29|9|15|17|0|9|8|0|211|5|38|83,0|8,0|6|1|53
2025|4|Grande Niterói e Região dos Lagos|132|3300258|Arraial do Cabo|8|6|0|1|1|0|17|4|18|5|0|4|1|0|250|13|120|186,0|13,0|26|3|99
2025|4|Grande Niterói e Região dos Lagos|159|3300803|Cachoeiras de Macacu|9|9|0|0|0|0|30|6|18|7|6|6|1|0|312|6|73|59,0|13,0|5|2|14
2025|5|Sul Fluminense|88|3300308|Barra do Piraí|16|16|0|0|0|0|19|1|14|3|0|3|0|0|292|8|607|330,0|35,0|10|0|57
2025|5|Sul Fluminense|89|3304201|Resende|31|22|1|5|2|0|29|5|26|8|1|6|2|0|1160|33|333|462,0|91,0|9|25|93
2025|5|Sul Fluminense|90|3300407|Barra Mansa|67|62|0|2|2|2|57|18|57|23|2|10|12|1|1125|14|356|485,0|88,0|13|4|51
2025|5|Sul Fluminense|91|3306107|Valença|13|13|0|0|0|0|9|0|10|1|0|0|1|0|261|2|276|261,0|19,0|4|0|47
2025|5|Sul Fluminense|92|3304508|Rio das Flores|0|0|0|0|0|0|3|1|0|1|0|1|0|0|50|0|13|11,0|2,0|0|0|2
2025|5|Sul Fluminense|93|3306305|Volta Redonda|52|47|0|3|1|0|116|19|75|55|0|34|18|3|2995|70|982|891,0|94,0|38|7|143
2025|5|Sul Fluminense|94|3304003|Piraí|7|6|0|1|0|0|6|1|11|3|0|2|1|0|122|5|224|235,0|10,0|4|0|15
2025|5|Sul Fluminense|95|3306206|Vassouras|8|8|0|0|0|0|5|2|4|0|0|0|0|0|263|3|201|104,0|5,0|0|2|15
2025|5|Sul Fluminense|96|9999999|Miguel Pereira|16|13|0|1|0|0|8|0|23|3|0|3|0|0|400|13|365|232,0|12,0|2|0|33
2025|5|Sul Fluminense|97|3302809|Mendes|3|2|0|0|1|0|1|0|4|0|0|0|0|0|116|6|112|74,0|7,0|1|0|9
2025|5|Sul Fluminense|98|3301801|Engenheiro Paulo de Frontin|2|2|0|0|0|0|1|0|1|0|0|0|0|0|55|0|75|38,0|0,0|2|0|1
2025|5|Sul Fluminense|99|3302254|Itatiaia|20|18|0|2|0|0|9|1|6|3|0|2|1|0|119|4|155|146,0|16,0|0|1|14
2025|5|Sul Fluminense|100|9999992|Porto Real|11|11|0|0|0|0|9|2|5|3|0|2|1|0|205|5|143|147,0|31,0|3|0|19
2025|5|Sul Fluminense|101|3303955|Pinheiral|3|2|0|0|1|0|5|0|5|3|0|3|0|0|151|4|111|101,0|12,0|0|0|13
2025|5|Sul Fluminense|165|3302601|Mangaratiba|10|8|0|0|0|0|17|0|81|11|1|4|5|2|351|6|175|136,0|17,0|2|3|48
2025|5|Sul Fluminense|166|3300100|Angra dos Reis|38|30|0|7|0|0|38|2|77|24|0|14|8|2|1221|22|404|553,0|69,0|33|3|110
2025|5|Sul Fluminense|167|3303807|Paraty|20|14|0|5|0|0|10|1|15|7|0|5|2|0|258|8|279|277,0|48,0|10|3|45
2025|5|Sul Fluminense|168|3304409|Rio Claro|5|5|0|0|0|0|2|1|5|0|0|0|0|0|79|0|43|28,0|1,0|0|0|10
2025|6|Norte Fluminense e Noroeste|121|3301306|Casimiro de Abreu|5|4|0|0|1|0|18|2|19|8|2|3|4|1|178|5|187|252,0|23,0|3|0|16
2025|6|Norte Fluminense e Noroeste|122|3301405|Conceição de Macabú|5|5|0|0|0|0|5|1|5|1|0|0|1|0|127|4|43|61,0|9,0|1|0|2
2025|6|Norte Fluminense e Noroeste|123|3302403|Macaé|23|19|0|1|3|0|135|32|93|79|0|47|32|0|3003|75|639|929,0|152,0|69|25|154
2025|6|Norte Fluminense e Noroeste|128|3304524|Rio das Ostras|24|20|0|2|1|0|144|18|138|74|3|47|26|1|1952|41|627|776,0|152,0|34|4|106
2025|6|Norte Fluminense e Noroeste|130|9999994|Carapebus|8|8|0|0|0|0|18|8|6|4|1|3|1|0|143|2|146|156,0|43,0|0|1|9
2025|6|Norte Fluminense e Noroeste|134|3301009|Campos dos Goytacazes|28|22|3|1|1|0|444|45|77|284|6|159|125|0|2813|72|1389|1148,0|119,0|97|72|332
2025|6|Norte Fluminense e Noroeste|135|3302106|Itaocara|10|10|0|0|0|0|3|0|9|1|0|1|0|0|193|4|100|102,0|2,0|2|0|10
2025|6|Norte Fluminense e Noroeste|136|9999993|Aperibé|11|9|2|0|0|0|17|2|9|1|0|1|0|0|224|2|679|185,0|32,0|1|0|11
2025|6|Norte Fluminense e Noroeste|137|3303005|Miracema|1|1|0|0|0|0|2|0|5|0|0|0|0|0|86|2|328|90,0|13,0|2|0|12
2025|6|Norte Fluminense e Noroeste|138|3302304|Laje do Muriaé|7|7|0|0|0|0|0|0|3|0|0|0|0|0|25|0|48|23,0|0,0|1|1|7
2025|6|Norte Fluminense e Noroeste|139|3304102|Porciúncula|2|1|1|0|0|0|2|0|9|0|0|0|0|0|65|3|71|67,0|0,0|0|0|22
2025|6|Norte Fluminense e Noroeste|140|9999997|Natividade|10|9|0|0|0|0|3|1|4|0|0|0|0|0|89|0|133|72,0|6,0|4|0|5
2025|6|Norte Fluminense e Noroeste|141|3304805|São Fidélis|4|4|0|0|0|0|13|3|12|4|0|1|3|0|262|2|92|121,0|5,0|1|1|23
2025|6|Norte Fluminense e Noroeste|142|3300902|Cambuci|4|3|0|0|0|0|1|0|8|0|0|0|0|0|60|2|73|36,0|0,0|0|0|30
2025|6|Norte Fluminense e Noroeste|143|9999996|Itaperuna|52|51|0|0|0|0|22|1|25|8|0|5|3|0|752|17|787|419,0|63,0|16|1|32
2025|6|Norte Fluminense e Noroeste|144|3300605|Bom Jesus de Itabapoana|7|7|0|0|0|0|6|1|9|2|0|1|1|0|235|1|203|157,0|20,0|1|1|34
2025|6|Norte Fluminense e Noroeste|145|3305000|São João da Barra|12|11|0|0|0|0|46|6|21|16|0|10|6|0|223|4|209|207,0|21,0|16|1|54
2025|6|Norte Fluminense e Noroeste|146|3301009|Campos dos Goytacazes|81|78|2|0|0|0|211|35|43|118|3|86|32|0|464|18|696|638,0|97,0|17|9|50
2025|6|Norte Fluminense e Noroeste|147|3304755|São Francisco de Itabapoana|38|36|0|0|1|0|31|15|14|6|0|3|2|1|207|6|231|197,0|41,0|4|0|11
2025|6|Norte Fluminense e Noroeste|148|9999995|Italva|4|4|0|0|0|0|6|0|6|1|2|0|1|0|79|4|219|68,0|3,0|1|0|6
2025|6|Norte Fluminense e Noroeste|155|3305307|São Sebastião do Alto|2|2|0|0|0|0|0|0|0|0|0|0|0|0|20|0|12|16,0|0,0|0|0|1
2025|7|Região Serrana|104|3305158|São José do Vale do Rio Preto|4|4|0|0|0|0|4|0|5|0|0|0|0|0|69|2|135|63,0|1,0|0|0|7
2025|7|Região Serrana|105|3303906|Petrópolis|18|16|1|0|1|0|93|6|72|55|3|35|19|1|1723|29|685|821,0|142,0|57|9|115
2025|7|Região Serrana|106|3303906|Petrópolis|4|3|0|0|0|0|40|11|18|15|0|9|6|0|913|14|192|312,0|21,0|5|5|342
2025|7|Região Serrana|107|3303708|Paraíba do Sul|6|6|0|0|0|0|10|3|2|3|0|0|2|1|271|2|392|158,0|23,0|4|1|16
2025|7|Região Serrana|108|9999991|Areal|34|30|1|2|0|0|57|9|18|22|2|11|7|4|743|14|798|508,0|83,0|17|1|88
2025|7|Região Serrana|109|3305406|Sapucaia|1|1|0|0|0|0|4|2|7|0|0|0|0|0|103|2|202|52,0|7,0|1|0|13
2025|7|Região Serrana|110|3305802|Teresópolis|24|22|0|1|1|0|44|4|40|21|0|8|13|0|1473|32|997|699,0|184,0|38|2|76
2025|7|Região Serrana|111|3305703|Sumidouro|1|1|0|0|0|0|0|0|8|0|0|0|0|0|56|3|25|40,0|5,0|0|0|4
2025|7|Região Serrana|112|3301207|Carmo|1|1|0|0|0|0|2|1|4|0|0|0|0|0|90|1|65|79,0|8,0|1|0|8
2025|7|Região Serrana|151|3303401|Nova Friburgo|18|14|0|2|0|0|18|1|57|5|0|3|2|0|1859|31|666|827,0|190,0|42|16|144
2025|7|Região Serrana|152|3301603|Duas Barras|1|1|0|0|0|0|1|0|3|0|0|0|0|0|69|0|23|33,0|4,0|0|1|4
2025|7|Região Serrana|153|3301108|Cantagalo|1|1|0|0|0|0|3|0|7|0|0|0|0|0|102|2|46|50,0|3,0|2|2|15
2025|7|Região Serrana|154|9999998|Cordeiro|3|1|1|0|0|0|6|0|6|1|0|0|1|0|200|9|60|79,0|4,0|4|1|127
2025|7|Região Serrana|156|3304607|Santa Maria Madalena|2|2|0|0|0|0|1|0|2|0|1|0|0|0|43|1|1|5,0|0,0|0|0|3
2025|7|Região Serrana|157|3305901|Trajano de Moraes|1|1|0|0|0|0|2|1|2|0|0|0|0|0|29|1|22|19,0|1,0|0|0|1
2025|7|Região Serrana|158|3300506|Bom Jardim|4|4|0|0|0|0|4|0|5|2|0|1|1|0|108|5|81|63,0|7,0|2|0|6
